date,path_1,path_2,path_3,path_4,path_5,path_6,path_7,path_8,path_9,path_10,path_11,path_12,path_13,path_14,path_15,path_16,path_17,path_18,path_19,path_20,path_21,path_22,path_23,path_24,path_25,path_26,path_27,path_28,path_29,path_30
2026-01-01,113.92074925555649,114.72688970936407,107.53295343522497,97.54490516313497,106.1631543522909,111.1544290583672,98.80964541641534,47.17010426467157,104.23760817311596,108.20391722077177,106.1500494760782,105.31437648213164,126.0978468558795,116.478764832453,96.1871787801651,101.12893503447076,193.1146059170132,107.05232666277176,104.19680396633855,105.31437648213164,101.0721150790447,123.99175291373638,114.849746063762,115.02705258083054,104.76245272234293,104.36049434233551,113.15167826878071,113.29565630655779,101.02990731425457,1.2998277342726396
2026-01-02,44.891135764179,37.896263495188535,117.54079394231847,108.98057265526664,112.96758934546737,45.68783344884308,107.89620996714937,116.53560498903666,123.70648675790063,124.96999070063616,111.39999221887591,98.76228275901713,166.2384500387469,113.87069946873844,45.68783344884308,106.77714272998104,228.88672840446222,108.89207783056317,112.91913293542855,107.86220007735595,103.98411230821642,110.64567446303725,107.47208197017027,199.4056041147321,106.34801255644938,193.08470280774458,111.28451157150074,110.43367857888519,114.97300068012213,109.18168873658517
2026-01-03,114.5179602371696,124.36177901081967,122.54831821094548,120.7832359249488,107.15612380531019,119.08738781391511,105.49487083222229,104.75709637842417,116.17467979427158,95.58192351927468,117.38883149613783,119.41562538782217,178.80453138393025,105.45366116236895,40.06787785102347,185.38386660221633,228.23142952140032,115.70560807454251,233.51345591631937,118.15253980352418,112.48272023365064,128.21243268326648,126.61403914648895,123.04476198221755,123.04476198221755,109.5904545390797,77.17851986148361,108.2699608878061,121.32428723024977,116.33476283589079
2026-01-04,51.23846596861276,138.85670221363648,116.97377948440064,114.20947645188232,124.67113632564008,120.75884471351915,137.939641588709,113.56204000098754,124.99148663488333,133.3523268645251,42.56276084452969,80.13885698615272,132.8505244021021,124.10597377155734,58.62759264295624,16.4790798019674,127.61331004050899,123.1080136828514,123.54025533969698,115.02270260862599,151.34484408408022,112.11758672013119,190.38947817120422,120.60422636007311,125.99819104723736,131.24006429212415,124.54348159330516,120.98877273842263,118.35579715985418,238.7038804836994
2026-01-05,132.73422956839846,129.43546832027116,195.78311056606657,127.91592487026138,121.8850669405046,243.82480001158888,113.88891134406047,133.35164493506798,19.153838526878147,117.8742572240197,66.42639859851732,127.58047098106938,131.19364781685863,131.96696594919396,135.1389564126849,127.78807545998808,136.14624185393455,131.02857407910685,115.85133803224714,73.29669255235905,131.03694365296192,122.32677861723779,133.9950773600925,122.09469901229009,123.29006162110959,117.9556745689659,53.45713935695578,121.44189531459394,124.48219450058731,123.9923796726325
2026-01-06,132.20818578768123,131.17113334257766,132.53142758489446,120.17541916010266,117.49473925814306,63.77384647255278,121.43566427373119,109.42066319715778,119.18578191600784,122.90850334449138,111.77367749025845,113.84389595724758,131.86695133527908,119.21529739971197,125.87203707084058,35.9442733909312,122.5956948498571,122.79618190400618,116.1392499241343,120.12237835060745,113.58031169745448,26.714352511198427,170.90740442924542,119.8740246501252,236.4659625481818,123.7374776593685,127.64961247372375,136.8946770304585,108.96389637573978,26.479334751718
2026-01-07,117.59171567199824,56.65318153572336,110.73041863147127,122.56299428361648,114.2224573509968,137.06424660920945,112.8048903053121,131.7148038524795,117.82375452013012,125.23016675757144,177.44426075254646,119.88966151351512,119.75989758619879,103.3686490619041,114.25646724079023,183.00101432098913,120.66229416821618,117.33234466559207,103.65325629238446,212.95579993160214,124.68553727635422,122.45343639694933,0.0,113.08508085717675,103.3686490619041,67.905332097631,122.89586226267751,114.91999140768364,110.34436958185728,121.4855402680591
2026-01-08,123.1260508941695,0.0,97.14163850576536,175.0893348256444,89.11732139925813,113.25166327869017,110.64413028099473,87.1669955339744,113.5153832509363,111.13192689028709,98.41863362457123,81.63786077336478,112.35154215443639,169.52153351552545,116.24772384056793,89.33429905935265,112.93276690988485,105.83130606203069,115.67696842670678,97.1502031933913,121.66563199818745,112.36918258549373,96.34636673373213,52.18221291531511,204.08649410130758,111.25408187833865,98.38455469770908,0.0,120.56983272596823,99.57195633649273
2026-01-09,121.00981882109237,90.91259868467586,111.05950795986224,108.75598317591258,98.54281014892456,88.33320803536475,89.68825336446426,102.5445476724017,105.18675253412053,94.71100471813469,34.153241237765286,104.27897563608462,99.60148918378081,132.38631515914702,63.95222688022688,102.73761092684143,103.19637273122893,97.2068912249658,113.64757221712114,105.3027372569552,103.38364761578003,101.47716286455713,107.64408274127736,55.198651017654704,110.00782530749828,103.54810197934052,121.00981882109237,93.96725030229273,100.79369589201531,96.00995158788001
2026-01-10,100.40703582095098,108.48543868236933,103.01625128685716,100.2084566892867,104.26082057218748,105.00388005420756,85.94010803486215,114.44178588988869,47.49773609395077,103.91398867349768,90.5289724035432,214.86761117937758,85.49981668768692,98.21896106984339,103.83907538381463,45.89528757317547,99.15625620809887,162.8212436246211,93.63114731466244,44.79075709250687,106.80472007380531,99.00123156013457,216.25189670860442,101.1812130836037,34.599944989998946,101.1061657693336,162.08715923643703,96.27195524348916,116.00692297377758,31.41053635359647
2026-01-11,104.91025074354962,95.29647998956611,84.03514977970173,109.7600753533111,89.09512862375334,92.04240715496485,210.40764262601826,110.54479344299881,90.20206751548997,92.29587047156366,106.70637012391177,155.7398982740208,88.40641479685344,97.40967975788485,89.87865483752691,94.14511878688674,92.44227038518494,111.28683994169226,110.45219583680279,100.60737758742223,90.56321933555265,51.68495694436087,153.3613487819545,0.0,95.48807402549895,92.29587047156366,93.91847724416908,140.83416063687068,0.0,242.80632631134216
2026-01-12,116.17923018282299,120.8367375682007,129.6871228673597,119.98967808509968,120.88606533612004,125.78933160527663,104.5360986686206,117.92441174806176,117.55901462160345,108.43354292229942,118.90198191551676,57.22396342184458,170.94425884343133,112.46646443440783,121.05814879033643,123.58646330531174,116.61823835714257,129.1988850283968,130.25703715802368,174.8466753467,122.42992796516641,61.45161968111017,77.63354352817251,107.83286532645049,120.19431986522129,121.21788159640498,185.15348745043576,117.27064018350525,118.24885747563981,110.06191842780369
2026-01-13,123.62947032865851,34.1904697727398,117.06046140964425,126.92145484803468,101.60175600588168,54.73695709564537,135.88487791074854,50.96536648878482,112.69917537029754,109.56910478425576,68.17178449910588,101.79990469213747,97.81166150325613,112.6457078023452,120.0006930354519,108.10656244820423,111.47500125915955,116.98403899245811,105.45353433812606,115.43935854489503,172.13832477045653,59.49666907022273,129.0263956416808,109.00659395565911,101.8713487694471,112.89543956706468,178.30611008999432,105.18628410811444,41.98203972639435,124.7877645262199
2026-01-14,120.29452765851615,114.12914389591931,73.11402977743447,108.74020463722003,114.71746340096534,92.37030719284049,110.16247634252629,130.5998676182402,45.93430099522665,55.59589007119538,141.18806274961636,119.13977393867417,107.82030796102869,168.70264837665633,109.90288967179758,97.00056875926253,122.2625645946089,118.1716239951031,115.9532630519415,40.024246773347656,183.18458985063364,162.9322240595177,109.60289936509044,61.08940278213202,176.57605687109378,59.85303954863917,69.32917828835446,105.28060235378489,119.9127037203116,231.3141791647367
2026-01-15,105.61253716573606,97.09062112085354,107.01283596598245,110.93110944924538,104.285607374719,103.89423616604563,190.1037251923543,112.97782391848887,93.95275408616253,165.36592930898107,102.87937407467717,103.58425637357382,108.94361250165332,138.28617567721616,116.60839097420228,43.767896525152516,116.72364963137989,120.14982546074728,104.0018398351323,76.93965831986065,108.18523551569416,80.13070752946061,194.3321647459189,103.10506107532157,80.28396359898385,105.21199594638469,109.20123376269783,108.9450103559115,99.58863897965043,90.18881113608796
2026-01-16,0.0,95.49041766773773,99.83825606866883,97.32094354064311,92.85795547476305,94.06670366721168,154.5380788902491,56.72881745348746,109.05905099921084,87.59113048930222,31.21651508076416,82.4316148977229,95.36354938513072,89.3534723990797,19.89853344351029,87.91622522610278,97.62554811098208,22.735847671261965,106.08500313725007,96.87067197839035,92.15417887976322,89.07747689176468,90.31555641261731,91.62043740540788,108.85119473583721,88.86121426514462,97.30134435726193,165.67970950659787,27.05086464381101,81.27970758762858
2026-01-17,150.5967751399647,83.57642499335827,98.93802062946565,96.11766841659384,40.79374841200559,98.69050034607719,114.18982473909091,89.46660405554712,104.20116678610728,86.81378594793046,48.42797009108396,239.0401398808192,89.899020445943,128.8231653618338,108.47339021109602,103.88992919992546,104.04551282394746,121.02119847226226,98.69050034607719,165.0304372637487,118.84854991096157,99.22275752315929,179.93926349572823,93.35649687801853,98.97157186869359,90.97216559517,157.93856416688925,222.51879583267916,88.87082758037747,35.47362290306725
2026-01-18,103.18804066112311,95.21820585005501,95.21748097563403,54.344411798809354,97.70770832554099,88.51498793638304,161.07397838989704,57.56019502648726,79.7344918170099,112.76504441484279,152.04295556325005,94.28165287897983,92.84769500938562,108.5487946434608,221.4570180993373,44.1689675415282,95.0330612056621,92.46001794370346,96.2662969785162,107.36604856384695,99.18803359842745,95.05589068325196,95.73708426428333,108.28689616482573,80.30033117441377,118.62234369425995,99.93917246814928,12.04363944692362,88.2995465779288,97.46443454313452
2026-01-19,109.85676119643837,106.58820590946051,104.52077646792848,163.5741470386916,126.4975543546832,104.59274853596973,104.48273786145306,109.42394020042683,69.04501337878366,44.46548641750112,106.54658716289437,98.00236387274414,104.83389034202919,100.26872984202252,104.58640634758093,49.654537304965366,80.59336674521549,91.5893345557805,83.82707796442585,28.325863551102415,109.17993310664245,111.17751613905709,97.56904068549458,114.95996823025625,99.1493750254641,100.92512570370153,107.03744586604729,95.7329989602484,49.667271665996786,102.34473070354859
2026-01-20,106.19279319187996,126.78172198086068,113.1093219661933,115.2697429004221,114.96734358831955,110.85574991567879,106.96020751888857,105.05981881282828,114.18636619755716,125.412944618192,99.74294501478454,113.57985716644174,99.90723821956044,111.47856248863826,93.79151943071648,114.68488664851833,98.51859969457294,110.06423541225934,112.31739430785152,108.74327754991852,102.70657244625193,114.89563797403099,104.46119682655191,115.57804128000538,179.38405459485156,110.13135940465753,106.15633924283664,101.45691191935333,98.48149069683782,119.9108368422358
2026-01-21,118.44417483884024,116.37798260253439,93.45238744710636,171.5472303668126,107.39652855379995,73.2694626613816,108.9818366433698,109.41531202683517,123.41886902470299,116.94427632886847,97.23446353110944,117.13933765511808,45.46851047615408,107.11899070491532,109.35901220287823,73.32834174062049,132.42302400949478,101.79348996809253,107.18837421179649,185.98055251305738,117.85979791845153,113.90534008405987,109.6523067014219,167.05019284714126,119.58620543060155,147.2768886612378,106.18649969298522,114.08121047903632,110.10343868943636,116.17046477914758
2026-01-22,25.951018755266105,78.08187931653335,87.53020643761779,81.92360315224641,73.69590017600943,37.79724730854658,100.22992449508932,100.5051672785025,111.77940731826853,80.57997159033118,111.89466597544613,18.892364649628647,89.22221508851469,86.52136643914325,94.99415024872975,135.35589660544395,103.49493596430305,86.5216797465295,102.29810946100964,93.68020001582853,156.89290665120487,96.0735290923255,92.20052356526547,83.37628190355254,80.57997159033118,90.47932612263737,96.54449804792925,21.78639295194614,82.7933511706541,93.96950160269616
2026-01-23,103.63481600185396,41.503754871326585,121.33919021380494,114.18504875750148,90.51197979774727,109.62290417641799,160.6942207663655,79.88226054148144,100.21715983801829,42.30104160015298,104.17583700972855,105.14425637682781,99.20377216310871,102.7943955025305,85.1761799840645,124.21326345701763,92.67930147348642,99.17878251300138,88.06198383163186,92.64019561437664,100.96022552520836,101.6302774732655,101.29305573557363,21.821120508455095,76.71046255873956,78.98292293624607,98.64159515569327,94.35426884968376,188.03817375304237,96.73223621148492
2026-01-24,94.44053604625209,35.48877320901692,91.41939915809026,100.88167641626616,108.61816988755432,109.51436067784415,95.79638141024064,39.141292854368025,108.14396193235562,124.67266523083029,97.47321943677389,95.17206687681168,102.19322528742437,112.16328084712889,100.11593330495579,134.80123756710387,103.64215500683109,116.97369722786893,129.3757443024687,78.10299616393006,97.90633330261115,103.87611441688436,35.48877320901692,94.65299461188548,42.35906716285864,98.08154467455249,94.13195370630825,105.329508680215,87.73676945175065,49.06395299697821
2026-01-25,97.31089139553018,124.12069238846398,144.29981081116847,59.97437107808093,102.63952648874107,102.33059602397938,98.53172168864754,88.24794528499422,90.6897244967364,40.7094534104612,147.9273520276977,98.51521796311171,90.1271975561198,99.56769743910192,106.33557111520315,157.3636090810617,6.557697095933321,144.29981081116847,106.1030329651358,99.0219835628175,104.31823099649978,64.33530822398768,91.01201946645818,91.06581210440343,107.18102686692293,101.62350055219387,96.89131627236628,203.4033100104419,23.934556694416187,109.55292655133894
2026-01-26,118.91064290691237,115.34343928931723,101.17124276477723,113.40225386793692,100.94309037564055,116.3048563830748,106.99281138797672,113.11970643290663,120.37907292225903,119.38703438516596,43.64463410394289,114.9285352552604,111.30730137852224,119.35771419295706,116.07317313416105,119.03881782415174,123.71610423491673,103.24249943043756,102.5289691477471,103.18870679249231,122.38285776303668,61.8956282881805,125.89074565247672,102.4475518028009,112.59354224939092,120.68387104102105,109.44643892361917,129.58427559443865,115.58317924756885,109.70040857681467
2026-01-27,111.30352259006949,111.17829104683008,90.43670794691292,243.68678178331777,110.01679601516321,254.38998402930906,98.2746896449567,104.55904591630483,106.40592849812711,167.32355599198766,97.61000979130235,112.33867782777358,97.84921514693164,32.96793360526513,33.421548136432875,106.21794073290897,110.20405355651883,91.21658854111607,145.49708418476746,99.99007251482031,103.61821377119219,94.22677727270951,93.0158569862761,52.02275824945972,114.96074313802924,109.5830478381017,92.36582042199615,90.2721731321891,96.15263388799102,100.67878634172021
2026-01-28,49.639313049257886,122.03704273234675,118.30243300232688,42.250186374914406,99.77971222247267,109.01690962226813,111.42469232426083,129.70452417293075,112.00049314472427,111.84185488624199,116.56785533683457,99.621393697964,41.45283237084338,0.0,106.8507104178163,105.80811191160696,120.5655983924011,235.19672196958828,114.68751205334912,116.76808631222336,116.72343896085657,107.22952623106515,117.07328076721124,112.51617718848262,120.98715068412376,114.71328180650106,92.62624572591167,119.97807463873313,123.10052564060466,109.97650572645698
2026-01-29,52.297493519500385,99.58081500420836,96.59082604504948,103.1929760865811,0.0,93.51644086910346,76.36805306544494,76.93952789475884,87.77652242042157,94.05909570722355,92.63565456442791,91.69487829996703,0.0,150.4299223997426,86.29810379944507,86.85028556498516,82.59398691818623,94.25063038177143,90.10019122153804,96.06683610064604,89.75784591951418,100.94856173218957,198.86948439131015,93.54589867741763,102.64674803884469,88.32252560565863,108.32466880467004,48.19194652979859,100.98686376388193,97.8505803710913
2026-01-30,89.53064791587784,121.737921735902,171.98733269002307,92.16870098545508,127.11383160273483,99.50503023478669,50.28328598644048,89.18908653870486,89.28612491252338,34.075309418103195,79.02465616101651,84.55977531288843,96.70465782239503,158.57201799197864,92.20517116614732,104.80052092780264,89.62967563609402,115.62799528041953,125.52311515613857,91.08945299251833,0.0,95.67044217686171,14.934836848770743,140.44236374278094,94.01045930437112,98.04425859416597,101.99619561915964,108.6014717592318,99.12691484875424,2.251061038978577
2026-01-31,93.79193885594462,28.7094290378529,100.31905787046817,94.85275155090194,97.90665485873048,93.44915888426321,114.4526326028046,79.08548838885017,84.66438977449981,110.96791421591617,100.31184709004619,95.93996809775406,19.1949091943291,110.96172018846742,117.98571871080917,126.13662700639996,112.96399094803228,99.67969711322489,107.78786552801216,57.60982005539285,113.10647331334177,87.24305245862921,15.741054264269707,103.4691541164775,146.90834525218656,185.0940898957076,100.96473016795339,123.45906559659367,97.26724774237054,36.28465374991377
2026-02-01,98.93789147268728,101.12878749803237,115.7738749929453,101.69058762845263,102.04074102640807,209.5294212294271,111.69212055980829,97.21185062626871,114.26434432626402,98.61211851243495,100.87974301932293,105.78365224667404,86.25936935010421,105.39340768907455,33.7990176827326,116.99596486414684,63.31020985548178,107.21056389839795,101.64882721558821,102.60842331977706,66.55439380478182,105.42136409627544,98.94154714819389,52.21064196929722,97.47195414654327,144.56435505027292,97.1223619119517,116.81850039043128,143.71641611414344,21.913729194651296
2026-02-02,113.02584009346695,119.7532687193784,116.60579638963664,117.36982829540229,120.11239816308758,120.46643246911829,111.20332514706637,115.52996557714665,119.70920886319651,189.37614273513373,129.93241432407012,125.29211649715522,135.44755343323305,125.66870260080292,124.73886288283201,108.57981214530692,148.7661569085902,170.36680929330916,123.6585454464474,110.4725411866843,113.64785322920655,127.00949653512943,153.85992492530104,111.54207856042585,123.7573781038892,128.50831156359288,116.37576895866023,177.491573162986,118.50249578789196,125.29087432039277
2026-02-03,47.161806273895664,120.40156084556368,145.60218906256353,105.02916856944624,116.78153856395407,116.21540507257349,123.17197522771171,101.27118614702732,125.7593704326528,121.71452885417678,132.34848446398016,126.43311964700179,110.93303980750538,124.56514504628093,118.23291555424099,132.28604407901346,122.54755494114366,126.60452353119548,111.40538656969214,121.56482499999005,118.93303044727362,126.80975578752687,121.71875171155871,132.9895477460274,130.8947368165737,225.8218513694755,203.54010404482062,117.59258478091066,132.28358558720637,124.72852752894481
2026-02-04,114.62219225801923,133.80501631499908,53.84786590087439,171.98239753283477,63.11114096952392,109.53228841333657,117.6139156758056,230.09179224196075,57.487576034912486,111.5803297653452,107.70766895045739,114.95267955295273,102.16110702644443,109.94792986697536,111.31438000150854,117.71767734378219,111.64745375774339,119.3009838810359,111.22295469180679,117.9905234244719,105.21622790518288,71.97954272323926,199.31428229158456,120.61518766952673,121.52750769996481,99.86790343679925,108.62401677796254,106.63350176038836,0.0,113.41190090730564
2026-02-05,103.76690980370668,111.35418298998533,119.12269372248781,117.6837119791871,115.43940904623196,82.1094605820535,108.85345424165081,150.49663537046592,156.8318871282482,106.85080766022585,111.68221022199751,103.07536603888249,102.8761954779055,107.49934107640291,113.17103747571713,102.49737966465665,90.71917863199386,104.41943432275343,124.67798395688362,1.111554894775054,113.49661497805977,115.24389583764126,106.41344981766255,95.09389464965952,112.56604420435937,110.55809118878383,115.42176861517461,109.25263919842966,123.67271432040175,106.85080766022585
2026-02-06,31.81901995450785,117.77169313682512,117.77169313682512,85.72442925024885,97.56976977294983,99.5519142827182,182.6934468293084,98.67327661432616,106.20712186470215,101.49868320494244,102.65761907096724,100.00626759044704,105.81755861894786,108.17628809397212,108.41381709439048,182.11424028815358,97.88144609616049,0.0,253.07318812881488,112.86282759881897,7.020796570691289,119.76006746658103,104.62747300300563,103.24225001581067,109.56712571695243,21.30797933808556,95.34607142535887,107.2197752019299,169.09973307595163,152.22310709007854
2026-02-07,141.3213145629549,177.26353456980377,115.84887058318922,43.57866658484086,117.90382633494949,59.89748691304515,115.97142435639428,114.71433329334748,122.56811816704895,116.91143791136592,132.43463226532623,107.79925593254295,114.00944509185585,64.9331057224291,111.2081565962494,114.44303060786548,102.98196590055558,113.95237540497037,134.8776342824131,111.74493770979485,111.24736418995268,116.93097323844597,163.48382693738344,120.04810183608429,114.71433329334748,116.7746443058579,118.66763171531278,161.89364313810097,124.12003520732928,118.78925816876794
2026-02-08,128.79133301329543,124.23140649937673,128.38920737253025,125.61047118009833,114.20684037885357,183.67111901611437,124.28859728311721,123.4171425259104,125.53348508254959,181.90994358413232,123.51571149364057,124.31325429432047,120.26308965851771,125.71228628319122,66.30507135935576,121.10581672153563,142.09905416972305,189.03661964636288,133.81023009685458,46.03449087125679,138.87220490884397,127.84818636465566,110.41716138124116,114.20684037885357,102.8408929934019,100.47411254091895,130.81664828489912,119.62365542762115,124.73946066558167,100.47411254091895
2026-02-09,30.544943514833307,113.6340666330872,112.0048175267082,115.53460618548303,110.7632825085364,90.12736935380848,105.27845196713344,117.40650357424362,100.07598179211266,90.12736935380848,65.6704145449421,106.70927140106556,174.11112756143442,55.495873430591566,109.58939130836387,178.2401560786301,116.8694799499309,114.53271594429927,112.38792328852057,99.62069781350837,190.42646661608003,108.74746563299155,112.71924792590778,100.8589313382025,119.07410935825537,116.8694799499309,121.66911481496487,120.74757314753697,102.5118665727029,119.40225742342597
2026-02-10,109.07016909475801,113.4092563549167,104.88449397641158,102.38299666114126,13.033821296302747,109.69739552857668,115.35669331409979,108.63993126132057,117.49876791355122,137.3791269552332,113.58573096145842,110.4299240447817,112.93190950324093,176.41116007855305,108.08725250980312,101.32313379355664,114.77502337898297,114.1659763930678,174.07459028637024,120.94071619456513,119.70311995242376,117.92406215157133,92.77425199692523,121.95400469804427,94.96173991846364,108.51874100816524,107.11056604485971,94.01608797398286,127.26026963552671,74.83769421197778
2026-02-11,114.27789049172553,107.32831299236393,107.11345162844255,121.43126235849043,109.35123218413649,121.93302693891347,120.59589293767756,119.49766116530758,107.32831299236393,118.5183012191553,54.42449822860563,111.4283649201737,114.00115651949612,188.0990661212469,114.95369164786042,119.05744594118617,119.10452539227997,77.18952545298418,202.17602952413142,176.44397678843143,127.37010031435021,119.09913145220727,102.67169546713048,123.4149744672536,118.20463957146903,128.96659264377956,172.77814405220604,119.56095869738881,137.57776964313402,130.08865160723354
2026-02-12,116.75783838703425,102.05583798231471,42.71142174854468,104.32440307106799,144.4485216176705,216.10057842964324,111.91950720103212,94.24687111275786,171.07238649750497,51.050619543996014,105.70388911995828,110.24311601986354,114.31097061155079,95.50855328930338,101.61184852285,196.8112364470017,107.27507164586906,95.9808477163303,123.65734629482665,116.14435821354327,110.28339805436617,108.28849077488444,54.41336324077533,111.49371048459291,114.41476294020912,100.21473351466345,107.78836320189693,110.70935108977973,108.0941197739151,254.752810097195
2026-02-13,124.62849301747895,118.99032454119339,93.47115272018333,122.23352445334822,0.0,109.73548166718118,112.69454417357673,107.94316102838565,89.84963435681914,119.01101965817277,166.5275718901153,109.98175551179995,103.86176174841782,111.12528784140133,180.92829826216078,106.79690296885585,123.01487290162339,110.03719194200869,99.72340127773501,108.79826076346919,110.4459870036097,71.9037385785374,111.38664585416126,117.28133396905125,118.13778703702076,55.95650001006255,104.29089192194948,114.74752151429966,111.19282522760088,121.65254342154148
2026-02-14,109.22329422573121,95.35913209855902,102.17119804753953,97.05571335749964,106.55264663233505,105.08626252517941,40.013538123058524,101.18121482492468,80.23663196342015,98.16513019748221,118.38346592826521,100.99877326962407,89.4786713427571,108.88816391980292,187.7650694185843,52.91432784192863,108.52054196909008,121.41169013661886,70.96379882810999,98.35664814380509,101.15171970261447,92.63570505625272,89.285813055162,162.26960044992762,99.94797905207058,99.90003066166803,106.32490701874437,101.05839452720218,33.4254003510719,99.27532449617223
2026-02-15,0.009566125414792737,101.45737619198684,96.02955928868394,83.66783043871749,114.65995280532482,107.68115469508908,37.62848838063488,153.6938389394176,88.6625192371664,98.60788992085348,103.36854808111987,101.2238087086792,203.91821942210447,131.9469195254209,108.25325638368486,110.47585560179164,82.40283420288725,101.05996604327044,159.56865022500685,103.17494867772123,102.78495795263112,135.48341729151286,108.8178140084473,87.89805846000668,96.91438119902233,105.34029524434973,167.22185036704704,111.25252951007184,63.558745499353385,108.11568185004401
2026-02-16,130.33209017075455,135.355167260484,115.52714738204612,121.34221729847646,105.51026559614668,115.42350434968091,119.53833840640384,119.15274914075967,29.662810219102084,114.6412856633901,9.59998853067627,118.65866491872556,58.66677141158639,115.12518900203871,118.83985486428669,180.8359720500586,109.02313010552862,119.06935942199591,119.18009423712336,120.11768616178604,123.79793119994007,128.1344054299259,115.39204147921991,121.9191237180704,101.2209806487106,125.72795675027274,78.38560058692181,131.20782665847392,121.40748394832845,114.82474945040907
2026-02-17,97.1644282133231,108.30055073574039,103.23047483490589,117.74093141471795,117.84475033312401,127.2414370912885,114.82486746679618,109.26506528890349,50.1262031868516,108.2237682143998,109.06766234676195,113.89058272418228,120.73596108961664,125.0321351632337,106.89193605358543,124.70992068263413,114.36843416168733,179.29789606196826,109.8600833424965,228.8343924383375,172.45628903198704,42.23059333108796,113.7496299518385,172.45628903198704,126.05457239679106,199.94177523593618,113.27702416100507,93.47632857702364,130.5546070240427,125.82247105138018
2026-02-18,112.07371516972796,106.44189531825921,138.61655209750148,116.89823839781153,227.5851890420062,114.33267699250811,119.30975623323482,111.37323668587112,125.10075741069018,22.880587640461442,109.18332428771691,235.79474111686395,126.92595948674719,114.12773768492949,120.40904267127601,114.83427979816423,116.318577954272,105.94706449737734,117.50092741088105,71.14783034740378,129.80841696135727,123.42003880212616,116.12560574311047,113.24394666260358,109.91442509615973,133.3301790360119,0.0,112.41806240369513,107.63747508563262,118.90880295512926
2026-02-19,173.5682204728528,216.5110845387304,76.40630382612154,24.226553299855397,99.01022499167908,106.04844461878679,195.29010941541532,103.758132738943,55.19012314665725,100.72441767307825,88.47389635308716,0.0,110.34724677027035,43.38582822942286,96.67816065669896,105.21145117139628,81.99655711936755,93.82295203001127,145.06572893272843,98.46968286550947,95.14848458319616,46.166093445447814,95.39600486658463,98.66808725586714,101.63000383142929,80.09440346242101,84.82213149090487,80.5379143734604,95.04902041437455,92.57565265371282
2026-02-20,82.70803710017275,79.1681924741546,81.47862426351823,123.4070257229647,101.27388919715199,94.24162707520007,89.26688677500972,83.97987630948357,88.91581625969899,0.0,89.97747790446941,129.8474309662024,144.52078975832535,26.40773886718184,86.09579545367076,26.526174238267664,71.76975260496052,84.22321086220974,170.9573744349105,92.88812559454244,83.68452818938918,85.91948744232077,96.1847720105451,12.76902240178687,95.71634249232845,129.03072000303595,81.09529227805443,88.91581625969899,143.92352078612961,93.35098719574854
2026-02-21,94.47503104228706,116.87669816491352,111.50705877920932,110.41544456984265,120.29737593279188,109.28340442535996,106.88565591106781,109.15959097825024,89.75297782624894,101.40429092928026,101.73932345289013,111.50705877920932,105.18111681815712,94.43225427846166,108.34467715412829,118.13671152326923,105.91303725422304,102.24734751574793,107.53595001583541,103.852112856282,96.6648243307959,96.6648243307959,107.80780954566131,66.61259157926406,37.11373795687409,109.68478284981437,107.39135662599821,125.93363627736791,104.68576828460728,98.92890043826164
2026-02-22,108.9557071873854,120.74779076154189,117.2801425805535,114.47368538302493,123.3307571549114,58.248794746570816,50.38760938639723,118.01819764203228,111.76633671280746,116.56540534060693,114.47368538302493,111.48879886392282,111.5971416915261,98.76734541098327,199.97837450067826,121.99359137060836,112.34231262434312,118.08656652829873,157.27039110031654,114.81731935932609,118.05312420418304,120.35493809881356,109.25401318488952,50.38986198154638,116.84049151299831,121.66795073351989,107.70051372696159,120.32048496655726,117.44129122243834,111.4966168224615
2026-02-23,113.64103520990398,111.11737423556079,107.4149880858156,5.396611583304633,117.5030379658365,111.04983684936124,3.3706970229702904,103.12700823321956,116.86183669857192,115.71823599720048,108.01498297801874,95.53162702797917,196.54065860780472,121.76564920655775,102.59996293529912,112.55820670871458,91.38000706229647,111.88136451294588,107.4149880858156,113.33392969799462,123.68146095882744,109.68592569995675,123.11831276520633,29.751199490259665,100.26641637054388,122.40828890056451,94.3421956612646,148.99030989585893,99.64951737966697,27.187622976366796
2026-02-24,112.64263735741719,108.46204412352027,170.106124882201,89.04137878354412,102.82118392647739,101.14018842279002,144.88877282503262,120.89373998610613,110.7763236422833,110.7763236422833,111.42663698691506,98.91549000486772,104.7331914079691,112.86447727069746,107.99981484747475,108.92196848206825,98.64431085743244,112.0396120951386,112.7602996277456,125.87086796839789,112.35975840839423,128.33388780107597,84.62911466315835,130.8847647250408,96.16487929971755,1.2950745124783083,110.21392020575753,147.33264272338724,229.0009962737975,117.99085710132046
2026-02-25,118.37057162595698,108.55923568120562,105.67650495100776,137.35839773948965,112.87508461232662,121.35601002570317,175.46607770493034,120.80944369381046,127.17597927013767,74.54337638310378,200.4549395633689,114.36965833778608,114.22670919589109,122.16751712326896,121.79773988401143,109.31672751920851,75.01566151339645,112.5168820573135,110.71074939295534,123.84315875967522,23.916974842540526,114.82546409516293,120.83713345901613,118.24181460976871,114.97785963389188,117.51579859926645,109.84528504005695,92.92650210820474,126.15218478039569,131.0507716543575
2026-02-26,120.55866153267884,91.5905260507211,107.03242414859751,93.3161418011285,103.30825711584767,42.70515492170107,87.38621609731472,157.2040866697048,104.45907266654463,158.31002714647764,94.37334167967661,34.83123520049607,2.2187223708225616,89.90874657874225,90.11703981417925,88.38400475343657,113.36344099864395,89.4962684321524,95.94024263656034,160.64458739993523,111.39717835369733,92.09277870866403,91.53806818936538,95.45998090876584,92.33852030652692,86.55457783080736,0.0,90.88632349486294,109.978212313789,83.758267517586
2026-02-27,97.48966158885248,122.83607282993937,116.5401307701129,103.13407898572181,115.75769605996473,91.45377463495667,190.725772983325,164.82633854818815,100.26678162795372,108.48184790902162,107.1343864317132,101.35249071187009,88.56959408876061,108.03303574292526,35.14612884949601,111.1023365814603,87.56394791233608,100.6639445074204,82.1692255687543,117.65238372782544,114.41012242267335,105.48171965720057,101.72402379899275,106.37910179029949,107.33246532511124,101.81417099891269,115.81826833504637,98.73829357411084,113.42922969850393,106.47698484544573
2026-02-28,97.1243323765613,101.72431485109736,109.69254857060243,103.0714335130175,81.7383793979766,108.09477416480796,158.8283400041928,23.505749343390235,112.12021485037253,106.93129347145909,88.11364963449246,95.6446965548166,0.0,97.65240086694831,126.96871991874816,100.66617796067969,113.49061359586106,179.38389662336573,216.95132740868615,105.19590689967804,100.92109490163374,100.66617796067969,109.35873438382795,104.54382092039297,101.95994111404717,97.60198344534938,100.07556411878276,66.93641150205681,105.4502596524312,93.18457455366207
2026-03-01,0.0,95.58982401864246,80.80477848367987,42.33958362664625,122.84308495782255,93.53851663130116,82.76732319338406,167.74109098323572,93.3283094637082,95.64262596061751,155.84468924749183,101.23140598487844,90.87162847793694,92.21811516501818,102.1288844908933,88.27785329845325,83.53165631029306,97.00831326861463,98.12274094816598,100.93386917377808,89.80813197664209,108.60861750576841,125.0490922123373,136.31269746451682,111.73048873698016,75.51134542135439,89.80813197664209,101.34598817864021,146.79938616867668,92.97742419450024
2026-03-02,102.84608861559236,128.12010726169797,116.72832503100531,130.24411971781663,103.40545786013651,110.11298386467566,105.06807214439065,99.80091161544716,108.15119885966602,96.21855984539651,105.19585651550256,62.55241986015796,71.82723389886462,109.2677704996516,134.23003371718045,102.12178761737245,108.16255415814014,121.55903317465858,113.68657186236,105.92378987885938,107.85790436112235,2.182082506927614,108.60233084768048,113.6473076221949,39.65342270223245,100.29238212633665,111.92900662250447,106.30722906503333,115.06124436084265,118.11216123438392
2026-03-03,114.15745181078235,121.96768290476349,120.8159464590956,41.83891138749108,26.478612386323803,134.7959112393225,187.50358319113388,101.89933894089246,117.60129905699561,93.2053111715986,108.87741830697063,119.41200004038096,108.94792839869176,100.3322454379741,97.16264622131011,111.62608868678377,122.5482446142803,97.34996932385151,99.42793336805555,107.26220242342093,109.61610447855934,114.74004252875316,94.02976618070208,110.14236212838405,108.21999503533493,115.76350106806466,106.01620980269696,108.21379506907262,121.5332400415813,131.14424578153034
2026-03-04,92.80665618614533,109.9709989845032,109.50529875038181,112.84700931529848,108.13698903016875,93.85011624605302,72.62373140042058,118.78563246224682,97.80725555472496,117.46575875251214,113.43547921807529,104.79027742178158,118.78563246224682,3.148056897969184,104.58290448171384,107.06782770862536,123.15391944444298,115.9166209416375,102.13136081665373,155.9957614687015,169.2403239520408,108.69839353280737,106.9940710752454,107.55607046823025,109.70875513140972,121.07270159060084,132.62714930028497,72.99605722851967,108.76711332973981,15.598549601051857
2026-03-05,93.01655641297579,86.96094339843832,28.988942725916495,191.80123469698304,89.5933558261756,91.82310601839502,71.66158733412652,19.86587146444988,99.35183033877203,81.22223205000556,78.4309630164492,80.12492791905997,78.84123069440358,106.06521598885224,92.53282659339528,87.41852806451256,89.556126394555,96.78802735623704,35.98129270975891,75.68754085656671,19.027221629876138,42.72223094307558,106.06521598885224,85.08964265510754,93.74809246404881,81.89924461126661,141.8455535339985,171.49358650330282,35.95307120480418,67.80202944060079
2026-03-06,103.82322700832987,102.1116004884681,103.86347561155702,83.22767068731713,78.7122579693366,101.43946461864363,90.14181052999345,94.43703744187579,101.40729246775035,111.63274860292827,158.7915038955187,91.5964723669797,102.67612093484416,100.96901873336557,103.00501959732532,197.73358890835794,210.79874138486196,84.03565856914571,23.627385356891722,21.529635694506425,83.660087077713,82.04896347924904,85.77697874773818,40.68891062407389,90.45065806101672,121.06880992878278,101.45310255704499,94.88986624353447,92.42798349040663,104.3221140776543
2026-03-07,80.3520930142224,95.93711576012599,87.21832173472735,154.158179523334,81.55160915272799,90.45283730253853,105.98902683035125,82.7780482599294,81.02065684857696,154.44210258335028,81.02065684857696,93.96897805078835,92.31629666743851,78.4378878022964,71.70163767666062,144.58599873043687,81.72475705536246,90.17176577992213,93.52309946450374,95.25188853005768,104.30700408213904,88.98925089116737,93.46110911624685,81.56154070449362,155.17618697153435,91.46790304600292,90.5870935259861,107.23209900434362,20.183849776911828,125.00750986731711
2026-03-08,104.68414608837567,105.24898631698078,99.24330001416472,48.23818005129265,101.79939270839724,99.71728033629007,110.11463152779031,106.22420321286715,100.99246425130455,96.19501313838727,105.97970192710282,130.37247687278764,163.52787433847567,101.7557220175293,150.2470706373799,106.37637325378829,102.89144962725491,81.81124593596225,99.09226429582615,111.2871886429068,103.80644688007236,114.0564074706018,48.460255015922975,108.02610441376102,172.21586982606232,95.81001218736753,34.675074173143926,103.48371074159449,120.18353023544718,104.80080857146326
2026-03-09,38.801910082577194,113.60321204265327,105.60502007807793,96.81912505006073,50.64813863585767,104.50197880704363,107.57296151804958,38.51495158100437,97.43662092113485,111.12045050586846,96.81912505006073,112.49084413574195,35.12491471322258,124.45848962903759,103.09340195136858,68.5596741688197,43.95453984931669,11.891317770878828,107.88998237410226,99.23842524364561,105.06392941160846,167.65471024790892,167.65471024790892,110.46194871964744,106.67407243038201,227.40944595209757,97.80772664000989,108.92442041963659,145.7629180344004,108.13833607458452
2026-03-10,105.73128302605338,114.69823056140152,111.80905321783766,111.563561834381,106.98851627375538,126.11973304800422,112.65038819491102,110.43905963888588,112.69247196355181,109.82418620047042,127.6173682940572,117.21932849458662,110.29316518487835,147.0160465909738,113.04675153948358,107.7341283424172,47.715496713619196,107.68267579046861,55.271993637804805,105.67210794917963,102.668419038563,92.30347253936046,109.93492101559787,100.86138068817806,109.12899970295649,103.31806167394932,101.47526156236324,105.65883180109535,2.8193491724503446,45.432741034622886
2026-03-11,105.10783964141987,163.49581217267217,110.57910222338384,71.63562895063288,125.09341429054655,143.91732330955242,112.95439891902865,107.67505140048112,99.42566528873576,123.64798673360096,113.64638579942826,110.66715826426486,17.76504346076959,108.1275797560952,159.55204856965494,128.6149346332408,0.0,30.66978755960929,111.67179261009954,89.58512110070828,115.52557736133605,90.61145111889594,94.79867412459703,107.89906433340269,137.39053708263262,42.13677532824292,108.73106761561681,75.1625510882374,178.742670703525,124.10450697934769
2026-03-12,56.13788345294652,110.22596055791612,104.4691452371516,110.8851114537081,103.47530424185513,37.60456666609443,110.07004066003657,109.78008197163152,105.02222046537358,105.82426702731377,112.99297756713295,121.38163388035275,124.692268435367,93.27682082322129,102.39301799706973,107.95986890479014,88.5345174913245,111.62817714089817,112.8727464262285,108.48327752708437,113.46271811288696,112.94914214268547,97.65713672454311,109.94835095972087,124.76484597699434,109.03510641974782,52.75965261224389,103.30814723006645,108.25033118171052,107.58364193047146
2026-03-13,116.92913998774361,104.55842684297595,95.22191082063394,114.51572297452704,72.6775896436371,97.06100820276517,104.75661418404682,105.97730696840203,113.09144302743103,103.70062764268468,109.40724287134351,129.29964173184132,115.08079653013688,116.3050578074669,114.55654244620628,111.02221868868703,79.20112093305438,72.6775896436371,35.55938188835012,132.60034005632514,112.36677626989393,256.9893041230178,90.67302650782345,170.41419938281797,113.62045550535852,102.18521905987025,110.82162560762124,112.3686034348933,104.37663140196692,96.43164319967724
2026-03-14,104.30225599931241,106.30815642641521,109.26589302708857,105.15215978670271,104.20482897306808,109.84740019613142,160.92881837143656,116.4109913127482,110.81877854665889,162.33812890843697,107.90764903368999,112.14082641994757,66.29673633038988,52.83275538508439,117.14753627858757,99.84874852719572,0.0,104.20482897306808,116.29747528594065,110.92968814400591,106.90037823804103,136.6472504366784,84.20757692519818,109.395383905255,108.98068265740362,106.37866651813634,118.38513252072893,217.88271427073164,109.58337167047314,106.25893445088532
2026-03-15,81.06511026638711,170.40974906632547,149.72865501077248,115.73585473901825,114.66003574326332,187.38773117342032,111.85394191941553,109.17523675354195,116.27571940532455,103.6631299084079,166.7577960331811,155.73639027420253,178.64236560532885,111.43440839656219,117.86902407531637,116.04028689569047,119.80446695012473,100.35219204662515,109.02848490653498,107.39234900966325,14.580363215737421,91.50755270081022,104.33109611951495,30.056874625365552,116.06143224136089,114.80477556769911,113.6396048331005,103.11440897536293,112.17012638106986,109.73086104568922
2026-03-16,112.45647126253036,109.18818114143542,111.35040185751603,109.51401787699373,96.42859661344846,106.14823596358406,112.45647126253036,122.58970734486957,66.53203278521622,107.43738496769487,125.61793155322322,218.11801072555795,118.3734827652016,170.19513765290986,110.16786771738944,95.79111276485395,153.62464881816265,101.69995638189141,121.15710497655371,127.7435029572728,108.59301825328706,122.60793427705039,104.10627207827238,155.8305579820099,100.08404498202205,106.82886758855383,93.00727104570544,115.85203666750553,99.00284657454677,114.86173480022879
2026-03-17,131.83494469128004,118.06994818586857,98.8146291509831,101.3428201693025,130.71323291267095,113.8871683223041,109.02538375614596,116.64067654035539,104.7796382445885,105.51309583015903,116.40379051841941,124.55098434556639,40.28110303257837,91.75800315615949,116.95603134025295,118.06994818586857,120.46016732014355,40.892027562890576,2.0908696222668937,137.391872834598,108.05130107138604,172.02754927098053,98.19316010390231,116.72676204009606,137.16379666629075,105.42360711584202,119.84169863025781,103.2937677927187,104.83581097993358,114.44612016771308
2026-03-18,147.83464270691155,119.6978927683555,105.32747469766508,106.38087486712632,111.16330885431364,226.12097496486237,107.74216653054138,108.93593969604498,0.0,111.09067669041175,106.27937286759052,188.35900117049363,112.32068124746553,129.56099511584614,101.86453812642904,112.16256248306638,109.83043157678323,126.55395036674192,99.83407333938975,108.15932909252254,89.94492596306468,40.44096477528069,100.89740723922918,88.94371993219222,107.74216653054138,107.93342097265531,130.11959770206207,120.16752358023388,118.56925890470634,102.1979735876227
2026-03-19,132.31448281450741,113.59364575539819,120.35485845414692,112.30688801931865,101.04298894206346,109.32348086259756,92.42488834656596,122.39595116976568,44.646012857515025,118.83110317387222,122.39595116976568,105.70002720182791,244.04687939831382,60.1473132627851,104.22949704065391,106.52435392385101,109.71949281437756,165.84555514670495,94.04411782163577,106.30359799626973,91.57668615611209,95.84541251369471,69.40588590155267,112.30688801931865,117.30120158085373,96.04161721810281,117.16163717637488,168.70166105518402,103.98616248792774,122.56102862144402
2026-03-20,119.1140179508393,97.78179712760365,108.67882801176029,101.50661038813402,99.42053370959675,0.0,104.27975666563478,119.78358460405043,105.88653333890363,104.49018466641164,100.22664570552652,82.35599839724168,109.44740110238189,101.1266772129814,95.1205877804401,88.97787767596124,125.82862273541194,113.7688361137122,117.98995031146649,105.29144861152906,105.77265127358677,114.08629225565988,99.6988011063743,251.30307097370036,119.78358460405043,103.04389896193709,113.39047426295846,102.86656961858577,0.0,94.42886663012928
2026-03-21,97.80121687004828,93.82327489985289,87.52753297133461,98.9071756598729,102.21090096689332,88.84251471358172,107.34725815204023,104.25744715471862,91.4797523838186,110.28260361996169,93.6110044038995,99.56533647959762,108.51698387591506,110.52284656990506,98.52177828021868,205.3507709952493,100.22018636215856,100.00761813253047,83.5153625312548,208.04677075248958,86.14134149670078,130.2248767050482,104.64502224417348,90.00436697995701,18.884696670524818,86.7707064997887,99.11694116836705,109.75831469758951,98.00438189751543,0.0
2026-03-22,94.40646374698653,96.92640687601434,142.6158654114748,93.15733509645696,0.0,89.37116554186377,79.41806399251598,138.06640980506546,80.08343532139398,95.13900908405273,22.207454839256684,96.19972315737837,28.1985864539538,81.292340530256,68.6540692494903,100.52885771995696,30.868468331513988,88.3004164458778,88.86929702241105,101.47144841243403,98.93652116423047,90.15467700087964,165.15131667459258,56.20042462148218,83.25359098428956,97.0971552789768,43.53982312071893,81.11919262762153,30.868468331513988,80.63762758049933
2026-03-23,162.7670386895834,114.93571775519041,119.98384612233224,108.49967071603001,130.20096013446314,112.95024729116182,114.34331090392999,111.54798621195349,118.14967614501009,104.71112793460836,104.53433888246033,112.34221814133467,103.62107125635531,172.19831111197388,114.38920613977278,126.13437693407987,102.4231499635141,118.57648829018757,118.05090951286817,78.71777240838156,90.20724669557451,105.11412010206377,115.49248867646835,116.23421614185452,116.26933286152465,114.09799799665814,110.27353721819645,114.47992336466461,125.76840360528672,121.88056276516127
2026-03-24,109.65788575811973,129.1868130377739,122.29368427580319,118.79494696768613,120.4595177954177,106.31393460288321,114.45925144479621,133.22433876912774,100.5207939003159,110.82845660839475,136.41512862377485,114.16022839020367,174.55595627720416,118.57524114826221,111.82267117883762,111.82604144801726,177.8073819340401,113.35329265497158,120.32395930762372,154.39065962379476,115.97998538247577,120.32395930762372,102.57759564566703,119.67923461602378,58.77096261639597,121.80923871932042,128.8883362781782,58.54888765176565,97.11664233488416,120.16236280659236
2026-03-25,116.17341090995014,116.93460857673001,46.4823092417425,122.29044896161385,116.41899083336203,118.36853470002238,120.32219193449485,99.72998114933007,122.08521670528246,140.93937331146813,111.25609852057742,81.05057381995914,174.23827970233853,165.5069316076521,8.265925191030348,67.15436823289744,112.1964074910462,107.194983258763,104.01025882379881,105.95582722088393,118.23403830608069,163.10088479849045,103.07340979807232,118.73650977762388,126.29559950255437,105.75243328663827,110.3206590031392,208.93764187172582,67.15436823289744,123.26336630865869
2026-03-26,123.38594602431674,105.43661192058921,163.2220488935266,115.75354503221381,65.31224959138632,127.00963905364192,113.72940524346329,129.85052917000957,74.52818455085409,128.6125969578632,36.7990522652549,113.18633586475532,55.793473172371215,51.536323694927425,85.30322420443657,121.6603882804517,109.20533132999243,104.88161734860081,129.85052917000957,110.2126021256414,186.34729610081115,118.46017420400464,41.28764409731424,125.37273701187378,98.29244118522551,99.19325094054626,113.1056738162129,125.47715710344833,106.14282843990786,221.9725863935497
2026-03-27,104.13806456385296,104.56206849675621,95.43387403896546,95.40201909297687,102.77084930874258,91.24882349050985,67.20704060887901,159.19206248452215,91.54933429486115,94.8098684262072,99.42188836590239,123.8194984582797,92.39374727926855,89.15923171145738,0.0,88.21342425735659,94.16720499668662,86.58644011213497,106.2899732717471,76.23413962677351,90.15307270675385,95.96535775861716,48.605386835165255,93.96717116008658,95.65567121560935,94.27766847021232,94.65491714195869,154.0484523066227,75.76140327009162,110.37619590496925
2026-03-28,116.96436984435952,118.32240101133912,114.96391043306868,112.25372437892516,104.12803721638114,96.70772115845186,106.41295119191473,58.3935781995254,68.64900831545995,120.70648632286134,105.557233457446,96.0217727670525,103.69350309187332,125.44690796938238,128.60926857475332,105.28961521469706,105.94722418253612,106.21538700381807,102.02610888372716,107.60738492160702,104.75218212672958,38.25123595971802,12.393341869015686,102.51192121021161,2.184379834737612,103.953208687627,102.26739820685715,102.81504426645004,109.61765634425153,112.10818814308801
2026-03-29,118.77898808835772,105.90717486382358,100.48976095023642,0.0,0.0,99.47218530582893,108.27871483346186,108.02537709846214,110.3664435862492,120.01566429907203,93.65245892347664,108.48000679330693,194.8703885612216,54.22296499327343,111.9996094659779,115.78921940255717,114.96152604154005,107.77364493689927,114.12149176385964,127.40490350830014,111.08713344823093,108.7275270766954,38.564412681164015,29.84724684171124,89.7378260362323,102.68093197827017,110.7540357195947,110.17347137508767,118.0987309944444,94.74069778479634
2026-03-30,106.99608296165214,169.0884480021732,16.199629354898235,99.69175839672378,117.74464579427006,113.60129412167872,110.48022291872316,115.88697691498763,114.38488628000063,109.0198818939448,111.75182969971024,88.62906098573193,107.02281205429877,113.60129412167872,95.57987654420485,101.76672408207843,106.10295948913254,115.44804278915225,96.88044289259837,111.32409548414567,106.39789746691021,98.37362887454405,112.59292395123948,103.05587308618924,96.45158690952265,109.40233982007958,97.58734239089283,132.5010350099991,104.06183457602326,118.20819546336394
2026-03-31,113.84838031507175,108.18057691545643,117.00464586802087,56.91219601611514,113.74907283707111,108.9064890412032,96.19695567982018,112.34234186021385,104.04658768991686,109.31374821886035,218.97751394868408,142.2609032118867,113.36129847817804,170.53795195711652,104.56104914890074,0.0,113.74836034786318,109.00035903397404,102.70688232075827,108.90312377690623,106.26965456613439,109.97190176523242,89.79658715981387,107.83695279075113,118.3902069261521,111.76723275832526,123.90934657339648,104.04658768991686,0.0,107.89414321901329
