date,tendency,period,noise,prediction
2026-01-01,124.52961571449168,-5.791201125813338,-11.601052566930033,107.13736202174832
2026-01-02,124.31984602849947,0.3135893725384686,-10.72698991993927,113.90644548109867
2026-01-03,124.7162676619852,3.076981100121395,-10.644361298377609,117.148887463729
2026-01-04,125.81991030368313,6.720653884096554,-10.113352288089894,122.4272118996898
2026-01-05,124.19513917131292,18.1418469112725,-14.78885465500616,127.54813142757925
2026-01-06,124.41024090561113,18.41753450788702,-22.726381317906732,120.10139409559143
2026-01-07,123.97863797342247,7.750026930121441,-11.461962148804384,120.26670275473953
2026-01-08,120.65867296601594,-3.3547017921966105,-11.288596081725768,106.01537509209356
2026-01-09,118.15775480136536,-0.6454990585725354,-14.043572768036224,103.46868297475659
2026-01-10,112.7865373257071,-0.5496101679342844,-12.349598901758785,99.88732825601403
2026-01-11,111.32155660736365,1.912954791715602,-19.410521045465188,93.82399035361406
2026-01-12,111.13730115576064,19.267814533932437,-13.213894510771746,117.19122117892132
2026-01-13,111.383051266826,13.68610170879288,-14.868501216968934,110.20065175864994
2026-01-14,110.5679359737267,14.595037333246093,-10.213362594826476,114.94961071214632
2026-01-15,111.02083270588332,-1.6058924344794874,-9.319496123212677,100.09544414819116
2026-01-16,110.59833477826686,-2.6862137537174644,-15.573873114723304,92.3382479098261
2026-01-17,109.9278638385708,2.221985018668478,-11.388842688156938,100.76100616908234
2026-01-18,109.74738902673424,2.0534160097769907,-12.10157660077078,99.69922843574045
2026-01-19,110.5619828247639,15.76948530305661,-20.924594964012563,105.40687316380794
2026-01-20,112.59432868439751,13.709520598768696,-14.004819978300931,112.29902930486527
2026-01-21,114.57316836397165,12.649429684246096,-17.591275601811855,109.63132244640589
2026-01-22,114.75570100283035,-2.1931893407550476,-17.296051169817904,95.26646049225741
2026-01-23,114.17670089925218,-3.7158292755910676,-12.629569129295893,97.83130249436523
2026-01-24,114.34610136750796,-2.7286623656888596,-15.006932963740237,96.61050603807885
2026-01-25,114.34610136750796,-0.6330609848661357,-13.768301702315492,99.94473868032632
2026-01-26,114.563120923307,14.279946822029963,-16.7216417389765,112.12142600636045
2026-01-27,114.57316836397165,7.9321251986021375,-17.097645490992843,105.40764807158094
2026-01-28,114.23600181709647,12.15599104757849,-12.95306055868351,113.43893230599144
2026-01-29,114.7181731745838,-5.533900108567597,-16.91641194427042,92.26786112174578
2026-01-30,114.38061236631279,-6.501197967015257,-12.24131177592595,95.63810262337158
2026-01-31,114.38061236631279,-2.732819222786182,-11.749618174596675,99.89817496892994
2026-02-01,114.38061236631279,0.44515810808608586,-8.754920575087354,106.07084989931153
2026-02-02,113.73957118864497,12.13291258254447,-3.488287825251655,122.38419594593779
2026-02-03,114.40385684173069,6.331924535510059,-1.5155532773296245,119.22022809991111
2026-02-04,114.40944887722132,6.1385161568120825,-6.732841376082282,113.81512365795113
2026-02-05,113.93481252574293,-7.3204310351734305,2.471220062262284,109.08560155283179
2026-02-06,113.77684280459407,-8.441506635305041,-1.2444839982022404,104.09085217108678
2026-02-07,112.66290522037764,-4.9051243118396854,7.879307502318348,115.63708841085631
2026-02-08,113.39865647213313,-0.7280944909473487,9.374110875981147,122.04467285716693
2026-02-09,113.26075241467213,13.605156577668781,-15.617699702906767,111.24820928943414
2026-02-10,112.01830608402351,11.996489289386064,-12.874120455646409,111.14067491776316
2026-02-11,112.62476595543707,12.04408092336615,-5.643740491107182,119.02510638769604
2026-02-12,112.02592460162465,-4.914359289198472,-0.30860990958759493,106.80295540283859
2026-02-13,111.30544032872871,-4.719407028120564,4.834161372458973,111.42019467306712
2026-02-14,111.63675240593844,-1.6427066987499455,-5.3798994250395475,104.61414628214894
2026-02-15,110.78431183805642,3.0451513813007667,-7.982362806466728,105.84710041289047
2026-02-16,111.69396983623712,16.879975731638712,-10.671888886424306,117.90205668145151
2026-02-17,111.63675240593844,15.355357616060004,-12.703094864895034,114.2890151571034
2026-02-18,111.03029253452488,12.963579861570485,-7.491225411760484,116.50264698433487
2026-02-19,111.73014711875722,-3.4020411049052903,-11.10911560765061,97.21899040620131
2026-02-20,111.79499988102947,-2.3383551920051215,-23.695185180891563,85.76145950813279
2026-02-21,113.48542643930855,2.587011250992997,-9.943390016507784,106.12904767379376
2026-02-22,113.36792250234969,4.442524056913084,-3.809315953849382,114.0011306054134
2026-02-23,112.5142033420826,11.322701617096378,-12.49216127815196,111.34474368102703
2026-02-24,112.72028340841264,6.867663732484621,-12.34474053069656,107.2432066102007
2026-02-25,113.36792250234969,16.211365795841786,-12.275271871257939,117.30401642693353
2026-02-26,112.91610005208842,-4.365680653568961,-10.105662979007237,98.44475641951223
2026-02-27,112.8772321462238,-7.68053177769117,-0.4481712804724951,104.74852908806014
2026-02-28,111.78766501304423,-1.8609312457519327,-9.339974811196537,100.58675895609576
2026-03-01,111.67303084692585,1.113649475100687,-14.11954907234164,98.6671312496849
2026-03-02,110.6795962675268,16.970776491420335,-19.520158154297135,108.13021460465
2026-03-03,108.74207501910377,10.755863520437861,-8.343585415059236,111.15435312448238
2026-03-04,108.92038705218987,15.052881412078046,-14.987677278823059,108.98559118544486
2026-03-05,108.51625915946111,-6.536972489240078,-13.636623303353582,88.34266336686744
2026-03-06,108.1689331437079,-5.419805752845231,-8.22705459001033,94.52207280085234
2026-03-07,107.53489870043697,-2.439528206356326,-12.853098891153367,92.24227160292727
2026-03-08,107.53489870043697,1.041212693784682,-4.585595484086425,103.99051591013523
2026-03-09,107.67901507913975,6.5582827961595695,-6.1199460557308205,108.1173518195685
2026-03-10,106.79840503892707,8.78048867467328,-6.922010253674328,108.65688345992602
2026-03-11,107.04438573539552,11.646695203513238,-7.538995893746161,111.1520850451626
2026-03-12,107.08568068393494,-8.478348147372422,9.89192157349253,108.49925411005505
2026-03-13,107.07246397291567,-8.505309879456272,10.472295335201988,109.03944942866138
2026-03-14,107.11890336599255,-7.390228576416129,8.856416454350558,108.58509124392697
2026-03-15,106.56836575326535,-0.18971811938587319,5.271771182253429,111.65041881613291
2026-03-16,106.65369713400663,9.073081906461665,-6.90639134171501,108.8203876987533
2026-03-17,105.66202875097778,5.414142495120992,3.295923857103069,114.37209510320184
2026-03-18,105.56820530018854,6.453499671031777,-2.265298458948321,109.756406512272
2026-03-19,105.13108712372146,-2.8712955508202707,3.507954113675771,105.76774568657696
2026-03-20,105.98909313287366,-6.626299817037314,2.9579417001358967,102.32073501597223
2026-03-21,106.96654218309558,-5.213570096656705,-3.0038243607539483,98.74914772568492
2026-03-22,106.96654218309558,1.1724466054775755,-16.32913371075234,91.80985507782081
2026-03-23,107.97309206986579,8.019427236302363,-0.9717661920011813,115.02075311416696
2026-03-24,108.21907276633424,7.9321251986021375,-1.84997445432815,114.30122351060822
2026-03-25,108.75001439359056,6.453499671031777,-0.5025927906242466,114.70092127399809
2026-03-26,108.15140410295189,-1.6058924344794874,4.344532667405972,110.89004433587837
2026-03-27,107.81782118187341,-7.618775304435683,-6.015864297780422,94.1831815796573
2026-03-28,108.55028026684936,-4.403623135973765,4.472718786829765,108.61937591770536
2026-03-29,107.04203923701053,-3.9685002784571455,7.476973657758686,110.55051261631208
2026-03-30,106.04105833265422,10.790759064294459,-12.392941579701015,104.43887581724766
2026-03-31,106.4720087723582,14.803586748820377,-8.899704842058867,112.3758906791197
